Nombre,Marca,Proveedor,Precio_venta,Mes,Cantidad
Espejos retrovisores,Apollo motors,GX Motor,$167342.99,8/20/2021,892
Bombillo trasero,Yamaha,Everest,$175820.23,5/15/2022,723
Rines,Apollo motors,KIXX,$48839.38,12/19/2021,156
Neumáticos,Aprilia,Yahosuka,$30517.94,3/7/2022,235
"",Akt,Everest,$6455.82,2/26/2022,448
Neumáticos,Yamaha,Bajaj,$164791.66,9/14/2021,251
Neumáticos,Akt,KIXX,,5/1/2022,404
Cilindros,Yamaha,KIXX,$37754.67,10/7/2021,864
Árbol de levas,BMW,Everest,$62646.05,8/9/2021,8
Espejos retrovisores,Yamaha,Chaoyang,$86105.05,9/4/2021,744
Bombillo delantero,Cf Moto,Yahosuka,$121719.75,10/30/2021,855
Reposapie,Suzuki,Everest,$208212.77,5/28/2021,448
Reposapie,Akt,Bajaj,$153142.49,3/21/2022,869
Bombillo delantero,Suzuki,GX Motor,$159036.03,2/20/2022,314
Bombillo trasero,Ducati,Bajaj,$133896.81,1/6/2022,467
Bielas,BMW,Yahosuka,$160219.79,1/3/2022,388
Acelerador,Ducati,Chaoyang,$244630.52,2/22/2022,974
Depósito de gasolina,BMW,Chaoyang,$158277.29,2/6/2022,198
Escape,Aprilia,Bajaj,$202080.03,9/25/2021,451
Carburador,Honda,Chaoyang,$182450.14,5/27/2021,756
Bielas,Suzuki,Yahosuka,$151468.56,4/21/2022,434
Depósito de gasolina,Kymco,KIXX,,8/11/2021,273
Embrague,Kymco,GX Motor,$90511.63,9/11/2021,382
Embrague,YCF Riding,Chaoyang,$232438.54,5/5/2022,782
Bielas,YCF Riding,Chaoyang,$185452.82,4/11/2022,378
Reposapie,Akt,Yahosuka,,10/26/2021,980
Espejos retrovisores,Yamaha,Yahosuka,$48945.83,7/15/2021,38
Chasis,Cf Moto,Chaoyang,$32297.36,6/3/2021,229
Embrague,Honda,KIXX,$173399.59,8/25/2021,644
Carburador,Pulsar,Bajaj,$254874.65,5/31/2021,62
Chasis,Aprilia,Bajaj,$78060.65,1/15/2022,646
Cilindros,Pulsar,Yahosuka,$19242.27,6/5/2021,915
Escape,Aprilia,Bajaj,,8/6/2021,786
Neumáticos,Pulsar,GX Motor,$256668.56,1/7/2022,471
Cadena,Akt,Yahosuka,$204848.15,5/6/2022,
Acelerador,Suzuki,GX Motor,$221523.61,4/20/2022,
"",Suzuki,KIXX,$262425.27,8/6/2021,268
Espejos retrovisores,YCF Riding,Bajaj,$59116.39,6/30/2021,171
Árbol de levas,BMW,Bajaj,$16000.61,7/9/2021,330
Claxon,Kymco,Chaoyang,$267667.60,12/26/2021,185
Bombillo trasero,BMW,KIXX,$265274.50,1/27/2022,332
Claxon,Honda,Bajaj,$86545.47,5/26/2021,670
Bielas,YCF Riding,Bajaj,$18570.70,5/25/2021,203
Bielas,YCF Riding,KIXX,$69775.57,1/15/2022,389
Bielas,Ducati,Yahosuka,$120952.26,9/28/2021,618
Chasis,YCF Riding,Yahosuka,$258085.01,12/23/2021,182
Maneta izquierda,Aprilia,Everest,$211732.79,6/30/2021,743
Bombillo delantero,Pulsar,GX Motor,$49591.31,5/19/2021,561
Cilindros,YCF Riding,GX Motor,$69149.37,12/28/2021,885
Neumáticos,Yamaha,Chaoyang,$177636.23,4/17/2022,951
Pistón del motor,Kymco,Everest,$55709.67,12/25/2021,854
Cilindros,Akt,Bajaj,$145153.08,6/30/2021,901
Pistón del motor,Pulsar,Chaoyang,$42367.51,1/31/2022,984
Bombillo delantero,Suzuki,Bajaj,$259167.89,3/1/2022,561
Cadena,Suzuki,GX Motor,$176677.23,7/3/2021,104
Depósito de gasolina,Honda,GX Motor,$101109.96,2/15/2022,788
Acelerador,BMW,Yahosuka,$173303.41,6/27/2021,582
Neumáticos,Yamaha,KIXX,$185198.51,7/4/2021,432
,BMW,,$224283.17,4/30/2022,244
Maneta derecha,Yamaha,KIXX,$230790.55,2/27/2022,518
Claxon,Pulsar,Chaoyang,$132608.48,1/19/2022,463
Bombillo trasero,Aprilia,Bajaj,$197578.51,9/13/2021,743
Rines,Cf Moto,Yahosuka,$122162.18,9/21/2021,272
Bielas,Yamaha,Chaoyang,$30093.02,9/1/2021,716
Amortiguador,Suzuki,Chaoyang,$33949.69,4/5/2022,263
Bombillo trasero,Kymco,Yahosuka,$72034.42,2/14/2022,
Cadena,Ducati,KIXX,$55681.95,5/6/2022,792
Neumáticos,YCF Riding,KIXX,,3/18/2022,124
Amortiguador,Honda,GX Motor,$192433.12,3/17/2022,474
Reposapie,BMW,GX Motor,$195992.70,5/11/2022,283
Amortiguador,Kymco,Bajaj,$189084.95,5/3/2022,574
Pistón del motor,Apollo motors,KIXX,$174915.16,4/10/2022,511
Amortiguador,BMW,Yahosuka,$57178.52,2/1/2022,354
Pistón del motor,Honda,Bajaj,$118025.13,12/1/2021,507
Bombillo trasero,Kymco,Everest,$43694.09,7/30/2021,975
Escape,Pulsar,KIXX,$289117.12,12/15/2021,340
Rines,Kymco,Bajaj,$223909.66,8/16/2021,218
Maneta izquierda,Kymco,Bajaj,$64740.45,6/30/2021,669
Claxon,Apollo motors,KIXX,$103883.05,10/9/2021,188
Maneta izquierda,Aprilia,GX Motor,$90660.97,4/2/2022,291
Espejos retrovisores,Aprilia,GX Motor,$248281.28,9/16/2021,43
Árbol de levas,Ducati,KIXX,$134963.60,3/2/2022,573
Amortiguador,Suzuki,KIXX,$275277.85,5/27/2021,78
Escape,Akt,GX Motor,$10117.94,4/13/2022,940
Acelerador,Pulsar,GX Motor,$134474.68,11/7/2021,
Maneta derecha,Kymco,Bajaj,$182878.12,9/13/2021,923
Pistón del motor,Kymco,Chaoyang,$173997.61,1/14/2022,564
Cilindros,Kymco,GX Motor,$255081.53,2/1/2022,890
Cilindros,BMW,GX Motor,$193085.26,9/3/2021,947
Bombillo delantero,YCF Riding,Chaoyang,$55380.12,6/26/2021,745
Amortiguador,Yamaha,GX Motor,$19335.52,6/3/2021,480
Neumáticos,Suzuki,Bajaj,$261466.58,11/26/2021,101
Cilindros,Pulsar,Chaoyang,$245215.79,1/3/2022,747
,YCF Riding,,$50365.94,3/10/2022,606
Árbol de levas,Kymco,Bajaj,$38794.06,4/14/2022,789
Bombillo trasero,Cf Moto,Yahosuka,$269858.06,10/31/2021,114
Maneta izquierda,Apollo motors,Everest,$184421.94,9/9/2021,507
Bielas,Suzuki,Bajaj,$258712.86,7/9/2021,166
Cilindros,Honda,Everest,$63545.69,7/20/2021,83
Embrague,,Everest,$101232.31,4/21/2022,353
Cadena,Honda,Chaoyang,$249439.44,1/29/2022,396
Depósito de gasolina,Yamaha,Everest,$254456.18,9/21/2021,826
Rines,YCF Riding,Yahosuka,$236529.71,2/15/2022,443
Escape,Ducati,Yahosuka,,5/31/2021,726
Árbol de levas,Pulsar,Bajaj,$252436.38,1/15/2022,268
Pistón del motor,Kymco,Yahosuka,$180492.36,5/8/2022,819
"",Suzuki,Yahosuka,$274123.83,1/2/2022,855
Cilindros,BMW,Everest,$21238.96,8/1/2021,603
Chasis,Yamaha,Bajaj,,9/17/2021,282
Bombillo delantero,Yamaha,Everest,$183790.77,1/16/2022,268
Maneta izquierda,Ducati,GX Motor,$220685.68,11/8/2021,48
Cadena,BMW,GX Motor,$195185.69,11/7/2021,59
Claxon,Pulsar,Bajaj,$199322.75,12/18/2021,867
Escape,Aprilia,GX Motor,$223184.57,11/27/2021,882
Bielas,Cf Moto,Yahosuka,$180161.41,7/12/2021,107
Cilindros,Kymco,KIXX,$74409.50,5/21/2021,465
Escape,Aprilia,Yahosuka,$100984.07,2/23/2022,572
Amortiguador,Apollo motors,Bajaj,$240530.32,8/19/2021,578
Escape,Honda,GX Motor,$289654.55,2/24/2022,958
Reposapie,,Yahosuka,$161927.76,2/2/2022,712
Pistón del motor,Akt,Chaoyang,$52137.72,6/1/2021,976
Claxon,Akt,KIXX,$19794.76,2/20/2022,386
Maneta derecha,Ducati,Everest,$159619.34,11/17/2021,107
Maneta izquierda,BMW,KIXX,$123510.60,2/8/2022,853
Chasis,Yamaha,Yahosuka,,6/19/2021,122
Maneta izquierda,Suzuki,Bajaj,,7/11/2021,541
Embrague,Yamaha,Chaoyang,$18704.77,7/17/2021,422
Cadena,Suzuki,KIXX,$244257.50,2/18/2022,195
Carburador,Cf Moto,Bajaj,$285003.74,5/26/2021,901
Carburador,Akt,Chaoyang,$32369.72,12/20/2021,737
Bombillo delantero,Akt,Chaoyang,$123418.71,8/2/2021,495
Espejos retrovisores,BMW,Yahosuka,$119462.73,12/22/2021,854
Bombillo trasero,Honda,GX Motor,$289473.30,6/30/2021,
Espejos retrovisores,Cf Moto,Everest,$268830.92,8/26/2021,363
Escape,Cf Moto,Yahosuka,$179164.01,1/31/2022,925
Maneta izquierda,Honda,Yahosuka,$277980.28,7/4/2021,772
Escape,Honda,Chaoyang,,10/25/2021,509
Espejos retrovisores,Apollo motors,Chaoyang,$271418.41,11/24/2021,728
Bombillo delantero,Honda,GX Motor,$211480.66,5/1/2022,885
Espejos retrovisores,Kymco,GX Motor,$173025.89,1/1/2022,14
,Yamaha,,$139007.61,8/16/2021,304
Carburador,Aprilia,Bajaj,$299912.19,4/14/2022,497
Amortiguador,Apollo motors,Bajaj,$7146.03,2/8/2022,
Reposapie,Akt,Chaoyang,$19851.95,3/21/2022,277
Rines,Kymco,Yahosuka,$80508.31,11/5/2021,905
Acelerador,Aprilia,KIXX,$33147.06,12/26/2021,632
,Cf Moto,,$174717.57,11/19/2021,818
Maneta izquierda,Akt,Bajaj,$282883.72,1/11/2022,375
Carburador,Pulsar,Everest,$213769.52,5/14/2022,907
Rines,YCF Riding,KIXX,$268069.55,10/3/2021,704
Depósito de gasolina,Honda,KIXX,$242449.69,12/17/2021,273
Maneta izquierda,Ducati,Everest,$232515.95,8/11/2021,612
Pistón del motor,YCF Riding,Bajaj,$157807.04,5/24/2021,857
Reposapie,Yamaha,Bajaj,$39266.79,9/25/2021,469
Cadena,Pulsar,Bajaj,$284672.42,4/6/2022,101
Cadena,Apollo motors,KIXX,$59349.36,9/27/2021,378
Acelerador,Cf Moto,GX Motor,$242127.17,2/12/2022,822
Bombillo trasero,YCF Riding,Bajaj,$247225.05,9/9/2021,11
Cilindros,Ducati,KIXX,$111392.70,2/12/2022,200
Embrague,Suzuki,Bajaj,$246021.14,6/25/2021,816
Chasis,Akt,Everest,$283204.38,11/2/2021,74
Rines,Kymco,Yahosuka,$194542.35,8/15/2021,286
Árbol de levas,Pulsar,Bajaj,$42669.95,2/20/2022,866
Cadena,Apollo motors,Yahosuka,$131759.50,2/1/2022,281
Bombillo trasero,Apollo motors,Yahosuka,$274612.76,11/5/2021,
Depósito de gasolina,Suzuki,Yahosuka,$160716.81,2/18/2022,
Escape,Kymco,Yahosuka,$91518.66,10/16/2021,798
"",Suzuki,Yahosuka,$61470.93,7/2/2021,10
Reposapie,Yamaha,GX Motor,$169904.91,7/1/2021,301
Maneta derecha,Pulsar,Everest,$198623.49,1/2/2022,916
,BMW,,$90495.40,8/13/2021,675
Reposapie,Akt,GX Motor,$181501.17,5/23/2021,561
Pistón del motor,Cf Moto,Bajaj,$184760.49,10/16/2021,
Bombillo trasero,BMW,Chaoyang,$42793.93,5/21/2021,317
Neumáticos,Kymco,GX Motor,$54336.48,10/9/2021,901
Maneta izquierda,Akt,GX Motor,$26005.53,12/19/2021,
Árbol de levas,Yamaha,Chaoyang,$131300.87,8/17/2021,851
Maneta izquierda,YCF Riding,Bajaj,$279076.53,2/6/2022,331
Escape,Aprilia,Bajaj,$282270.40,7/9/2021,300
Espejos retrovisores,Cf Moto,Chaoyang,$296720.70,3/18/2022,87
Cilindros,Kymco,GX Motor,$264195.29,10/3/2021,127
Bielas,Akt,Everest,$209064.16,10/9/2021,898
Neumáticos,Suzuki,GX Motor,$27702.89,4/25/2022,957
Maneta izquierda,Honda,Yahosuka,,9/4/2021,594
Embrague,YCF Riding,GX Motor,$26695.49,8/24/2021,526
Embrague,Aprilia,GX Motor,$244777.56,3/13/2022,493
Rines,Aprilia,KIXX,$38312.93,7/14/2021,27
Reposapie,Kymco,KIXX,$166426.48,8/23/2021,385
Embrague,Akt,Bajaj,$90848.74,12/12/2021,605
Reposapie,Yamaha,Yahosuka,$62153.51,10/9/2021,763
Claxon,Kymco,GX Motor,$23101.84,7/8/2021,983
Árbol de levas,Yamaha,Yahosuka,$9295.83,2/26/2022,508
Maneta derecha,YCF Riding,GX Motor,$222987.87,9/7/2021,277
Bombillo delantero,YCF Riding,Everest,$131859.67,12/12/2021,481
Acelerador,Yamaha,Chaoyang,$276347.40,7/11/2021,516
Neumáticos,Apollo motors,Chaoyang,$127864.72,2/15/2022,97
Bombillo trasero,Cf Moto,Chaoyang,$174252.59,6/29/2021,450
Cilindros,Kymco,KIXX,$39231.02,1/31/2022,497
Carburador,Pulsar,Bajaj,$42793.25,6/5/2021,757
Cadena,BMW,Chaoyang,$175907.46,11/26/2021,
Pistón del motor,Cf Moto,Chaoyang,$185297.93,2/28/2022,67
Maneta derecha,Cf Moto,Everest,$124391.90,1/19/2022,89
Bielas,Suzuki,Yahosuka,$216111.54,11/12/2021,158
Acelerador,Ducati,GX Motor,$149423.81,3/28/2022,361
Espejos retrovisores,Apollo motors,Chaoyang,$281197.42,7/22/2021,236
Pistón del motor,Ducati,GX Motor,$16120.88,12/7/2021,
Acelerador,Apollo motors,Everest,$17541.48,10/17/2021,995
Bombillo delantero,Ducati,KIXX,$108475.68,11/21/2021,201
Bombillo trasero,YCF Riding,Everest,$77044.70,10/28/2021,759
Chasis,Ducati,Yahosuka,$102865.79,4/2/2022,407
Bielas,Suzuki,KIXX,$32285.69,10/6/2021,688
Chasis,Suzuki,Yahosuka,$82263.64,9/26/2021,258
Maneta derecha,Kymco,Chaoyang,$187748.71,9/26/2021,259
Chasis,,Chaoyang,$22962.87,10/1/2021,608
Maneta derecha,Ducati,KIXX,$230900.74,6/2/2021,357
Cadena,Yamaha,Chaoyang,$7166.17,10/2/2021,108
Acelerador,BMW,Chaoyang,$64835.86,7/25/2021,768
Árbol de levas,YCF Riding,GX Motor,$273788.57,5/17/2021,17
Espejos retrovisores,Honda,KIXX,$214285.30,5/27/2021,628
Espejos retrovisores,Suzuki,GX Motor,$241118.64,2/27/2022,148
Árbol de levas,Suzuki,Everest,$242869.07,8/12/2021,844
Maneta derecha,Ducati,KIXX,,12/10/2021,334
Árbol de levas,,KIXX,$189753.45,2/22/2022,564
Claxon,Ducati,Chaoyang,$171099.79,11/20/2021,783
,Kymco,,$243668.47,5/1/2022,50
Árbol de levas,Aprilia,GX Motor,$23645.84,1/22/2022,202
Chasis,Honda,GX Motor,$161354.02,5/20/2021,983
Cilindros,BMW,Bajaj,$160830.41,3/2/2022,181
Chasis,YCF Riding,GX Motor,$174266.50,6/16/2021,89
Cilindros,Honda,Yahosuka,$266361.54,2/2/2022,26
Bombillo trasero,YCF Riding,Everest,$107822.69,1/5/2022,606
Bielas,Ducati,GX Motor,$175135.24,6/26/2021,729
Carburador,Akt,KIXX,$15643.01,1/19/2022,15
Rines,BMW,Bajaj,$272828.17,2/14/2022,319
Árbol de levas,,Chaoyang,$10973.55,11/9/2021,31
Pistón del motor,YCF Riding,Yahosuka,$172857.78,10/16/2021,694
Bombillo trasero,Apollo motors,Bajaj,$87102.79,9/3/2021,63
Cilindros,Pulsar,GX Motor,,10/26/2021,802
Chasis,YCF Riding,GX Motor,$18144.71,12/10/2021,856
Cilindros,Suzuki,Chaoyang,$125060.31,4/13/2022,563
Acelerador,Suzuki,KIXX,$163762.40,6/8/2021,564
Bielas,Akt,KIXX,$263831.35,3/6/2022,724
Bielas,Suzuki,Chaoyang,$273879.87,11/8/2021,237
Pistón del motor,Apollo motors,KIXX,$114089.04,3/7/2022,54
Rines,Pulsar,Bajaj,,3/16/2022,733
Bielas,Honda,Everest,$128269.35,7/31/2021,845
Pistón del motor,Suzuki,GX Motor,$283197.92,7/13/2021,659
Escape,BMW,GX Motor,$185716.79,4/28/2022,226
Embrague,Suzuki,Everest,$106196.62,9/12/2021,950
Espejos retrovisores,Suzuki,Bajaj,$161862.22,2/10/2022,4
Maneta izquierda,BMW,Bajaj,$205460.26,7/5/2021,393
Chasis,Cf Moto,Chaoyang,$287001.04,7/14/2021,951
Rines,Ducati,Bajaj,$47883.48,12/23/2021,
,Honda,,$31802.22,4/10/2022,809
Escape,Honda,Chaoyang,$186096.26,8/28/2021,166
Reposapie,Apollo motors,Yahosuka,$245455.59,4/12/2022,998
Espejos retrovisores,YCF Riding,Yahosuka,$245090.09,8/29/2021,847
Árbol de levas,BMW,Chaoyang,$42341.94,11/3/2021,203
Bombillo delantero,Ducati,GX Motor,$160488.22,11/18/2021,935
Espejos retrovisores,YCF Riding,Everest,$57990.77,11/2/2021,337
Bombillo delantero,Ducati,GX Motor,$91953.66,9/8/2021,873
Amortiguador,Akt,Yahosuka,$217185.48,3/6/2022,996
Maneta izquierda,Apollo motors,Everest,$125317.19,10/24/2021,180
Depósito de gasolina,Ducati,KIXX,$158652.63,3/27/2022,
Escape,Akt,Chaoyang,$61388.28,9/17/2021,129
Espejos retrovisores,Yamaha,Everest,$147722.41,7/13/2021,932
Cadena,YCF Riding,Yahosuka,$250897.09,7/15/2021,627
Neumáticos,Apollo motors,Everest,$138359.47,6/17/2021,174
Bielas,Aprilia,Everest,$128147.10,4/3/2022,643
Bombillo trasero,BMW,KIXX,$83533.64,6/7/2021,243
Claxon,Apollo motors,Everest,$298679.15,10/17/2021,
Escape,BMW,Yahosuka,$185415.80,4/30/2022,496
Árbol de levas,Ducati,GX Motor,$274728.50,5/26/2021,81
Rines,Ducati,Everest,$233551.33,6/25/2021,733
"",Yamaha,Chaoyang,$25860.29,12/14/2021,995
Chasis,Aprilia,Yahosuka,$28662.01,9/22/2021,953
Cilindros,Ducati,Chaoyang,$210696.76,3/21/2022,421
Escape,YCF Riding,Chaoyang,$189290.25,11/14/2021,577
Bombillo delantero,Cf Moto,GX Motor,$244828.13,7/16/2021,657
Maneta derecha,Pulsar,KIXX,$270041.70,9/24/2021,77
Maneta derecha,Suzuki,Bajaj,$5826.18,1/20/2022,900
Bielas,,GX Motor,$57432.59,4/4/2022,811
Carburador,BMW,KIXX,$298849.60,5/8/2022,920
Escape,Cf Moto,Bajaj,$181847.79,9/20/2021,417
Amortiguador,Suzuki,Everest,$77343.40,9/18/2021,26
"",Aprilia,Bajaj,$191452.01,5/5/2022,243
Acelerador,Kymco,Everest,$123252.16,1/1/2022,682
Rines,Pulsar,Chaoyang,$212733.60,5/17/2021,739
Claxon,Cf Moto,Yahosuka,$202811.22,11/16/2021,921
Neumáticos,Suzuki,KIXX,$153700.06,9/21/2021,296
Cadena,Apollo motors,Bajaj,$257317.08,3/16/2022,359
Neumáticos,BMW,Yahosuka,$26748.69,9/5/2021,301
,Yamaha,,$281724.77,11/3/2021,301
Escape,Honda,KIXX,$27952.06,2/6/2022,136
Embrague,Suzuki,Chaoyang,$145794.16,8/23/2021,245
Chasis,Kymco,KIXX,$81796.37,12/9/2021,79
Bombillo trasero,Kymco,Bajaj,$87334.84,4/12/2022,954
Árbol de levas,Yamaha,Chaoyang,$90392.17,1/24/2022,217
,Suzuki,,$266590.07,1/28/2022,580
"",Honda,Everest,$191722.84,7/2/2021,664
Rines,Apollo motors,Bajaj,$84631.55,8/22/2021,897
Maneta derecha,Kymco,Bajaj,$166473.25,11/26/2021,748
Claxon,Kymco,Bajaj,$96566.26,6/4/2021,985
Árbol de levas,YCF Riding,Bajaj,$25678.72,10/3/2021,697
Reposapie,YCF Riding,GX Motor,$243432.79,8/12/2021,681
Espejos retrovisores,YCF Riding,Bajaj,$142025.35,4/21/2022,517
Pistón del motor,YCF Riding,Chaoyang,$31312.41,12/29/2021,945
Depósito de gasolina,Kymco,Bajaj,$253270.67,8/28/2021,96
Escape,Honda,KIXX,$247788.18,7/13/2021,655
Bombillo delantero,YCF Riding,GX Motor,$285494.75,3/19/2022,444
Maneta derecha,Kymco,GX Motor,$180942.11,5/1/2022,678
,Suzuki,,$244569.33,8/14/2021,345
Cadena,Cf Moto,Bajaj,$183983.35,11/18/2021,448
Amortiguador,Pulsar,Chaoyang,$284710.30,10/29/2021,641
,YCF Riding,,$178769.93,1/23/2022,765
"",Kymco,Yahosuka,$27434.58,11/22/2021,487
Cilindros,YCF Riding,KIXX,$233807.11,4/3/2022,74
Acelerador,BMW,Bajaj,$89070.66,2/23/2022,394
Reposapie,Suzuki,GX Motor,$216815.45,11/19/2021,329
Escape,Kymco,Everest,$146593.45,9/3/2021,221
Bielas,,Yahosuka,$12455.29,4/1/2022,35
Bombillo delantero,Apollo motors,Chaoyang,,10/28/2021,570
Bombillo trasero,YCF Riding,KIXX,$205506.19,8/20/2021,959
Árbol de levas,Pulsar,Everest,$248006.01,7/31/2021,401
,,,$241013.54,12/21/2021,649
Depósito de gasolina,YCF Riding,Yahosuka,$48687.21,1/21/2022,486
Embrague,Aprilia,KIXX,$75533.55,2/14/2022,314
Acelerador,Pulsar,GX Motor,$27539.20,3/20/2022,541
Pistón del motor,BMW,GX Motor,$199206.36,11/25/2021,831
Chasis,Cf Moto,GX Motor,$29796.33,1/12/2022,775
Carburador,Akt,Bajaj,$16073.26,10/21/2021,570
Árbol de levas,Pulsar,Everest,$143167.71,10/2/2021,515
Bombillo trasero,Suzuki,KIXX,$33792.64,12/16/2021,658
Rines,Cf Moto,Yahosuka,,6/14/2021,456
Claxon,Kymco,Everest,$178179.12,12/2/2021,521
Espejos retrovisores,Suzuki,Bajaj,$125628.79,11/7/2021,213
Rines,Suzuki,Bajaj,$15839.22,8/2/2021,265
Bielas,Apollo motors,Everest,$163518.22,4/23/2022,554
Bielas,Yamaha,Everest,$290521.51,5/29/2021,70
Pistón del motor,BMW,GX Motor,$49719.49,4/2/2022,972
Árbol de levas,Pulsar,Chaoyang,$49211.34,5/5/2022,422
Escape,Suzuki,GX Motor,$205603.39,8/13/2021,648
Bombillo delantero,Ducati,GX Motor,$45031.98,11/12/2021,917
Amortiguador,Suzuki,Yahosuka,$23978.32,4/24/2022,835
Bombillo trasero,Yamaha,GX Motor,$296939.41,6/12/2021,651
Embrague,Suzuki,Everest,$242438.22,2/15/2022,71
Acelerador,Aprilia,KIXX,$139316.23,10/23/2021,772
Maneta izquierda,Akt,Chaoyang,$252430.50,12/12/2021,45
Cilindros,Kymco,Yahosuka,$187625.16,7/8/2021,390
"",Kymco,Chaoyang,$234525.26,5/6/2022,552
Acelerador,Apollo motors,Yahosuka,$204497.69,12/22/2021,987
Pistón del motor,Ducati,Everest,$173746.35,4/17/2022,812
"",Apollo motors,GX Motor,$297802.34,11/23/2021,385
Acelerador,Ducati,Bajaj,$258994.02,2/15/2022,37
Cadena,,GX Motor,$192642.10,7/3/2021,5
Maneta derecha,YCF Riding,Chaoyang,$270453.05,1/12/2022,666
Escape,Cf Moto,GX Motor,$21446.82,7/31/2021,573
Maneta derecha,Aprilia,Everest,$61216.37,1/7/2022,788
Reposapie,Kymco,KIXX,,2/13/2022,572
Cadena,Ducati,Chaoyang,$116810.67,4/12/2022,247
Bielas,Akt,Chaoyang,$240550.33,3/29/2022,817
Chasis,Apollo motors,Chaoyang,$293134.04,5/24/2021,882
,Aprilia,,$142976.06,2/24/2022,3
Cadena,Suzuki,GX Motor,$285803.83,10/27/2021,330
Bombillo delantero,Akt,Chaoyang,$252988.49,2/15/2022,252
Bombillo trasero,Ducati,Everest,$44742.91,3/16/2022,177
Bombillo trasero,Pulsar,Yahosuka,$113919.72,10/7/2021,300
Bombillo trasero,Akt,Chaoyang,$216789.99,11/7/2021,490
Rines,Kymco,Chaoyang,$135412.23,6/24/2021,977
"",Pulsar,Yahosuka,$74966.12,12/28/2021,763
Espejos retrovisores,Suzuki,Everest,$226823.09,5/19/2021,830
Embrague,Cf Moto,GX Motor,$92828.49,5/22/2021,586
Cilindros,Akt,Chaoyang,$65473.34,6/5/2021,856
Rines,Apollo motors,GX Motor,$263430.49,12/1/2021,115
,Cf Moto,,$172155.79,3/10/2022,670
Maneta derecha,Akt,Yahosuka,$52476.84,5/19/2021,404
Bombillo delantero,Apollo motors,Bajaj,$138545.19,4/14/2022,394
Bombillo delantero,Kymco,Chaoyang,$218656.46,6/16/2021,514
Chasis,Cf Moto,Chaoyang,$222471.50,3/2/2022,737
,Honda,,$270160.39,5/27/2021,489
Maneta derecha,Pulsar,Yahosuka,$36013.70,6/16/2021,9
Espejos retrovisores,Yamaha,GX Motor,$176360.96,8/10/2021,930
Embrague,Akt,Bajaj,$12008.93,4/14/2022,861
Rines,Akt,Chaoyang,$188221.68,4/21/2022,382
Carburador,Apollo motors,KIXX,$60515.56,10/25/2021,541
Escape,Honda,Everest,$71418.76,1/5/2022,88
Maneta derecha,Akt,Yahosuka,$205733.59,8/9/2021,797
"",BMW,Bajaj,$109594.16,6/2/2021,180
Escape,Ducati,Yahosuka,$287079.79,7/11/2021,
Espejos retrovisores,YCF Riding,GX Motor,$24476.45,7/21/2021,917
Chasis,Honda,Everest,$273196.90,6/22/2021,847
Neumáticos,Akt,KIXX,$211653.56,9/14/2021,
Embrague,Cf Moto,Chaoyang,$191246.92,10/29/2021,308
Espejos retrovisores,BMW,Yahosuka,$85786.97,10/10/2021,339
"",Yamaha,Everest,$251592.70,3/23/2022,139
Acelerador,Apollo motors,Chaoyang,$168622.19,5/10/2022,217
Chasis,Suzuki,GX Motor,$124443.35,5/20/2021,950
Bielas,Suzuki,Yahosuka,$190301.81,6/18/2021,316
Espejos retrovisores,Ducati,KIXX,$217896.00,12/3/2021,739
Maneta izquierda,Apollo motors,KIXX,$123165.06,3/27/2022,263
Espejos retrovisores,Pulsar,Bajaj,$39992.84,10/7/2021,40
Claxon,Ducati,KIXX,$18249.78,1/13/2022,123
Espejos retrovisores,Ducati,Bajaj,$203390.58,7/10/2021,859
Depósito de gasolina,Cf Moto,KIXX,$255167.38,3/4/2022,802
Bombillo trasero,Suzuki,Chaoyang,$274986.44,2/23/2022,587
Embrague,Yamaha,GX Motor,$67216.96,2/15/2022,804
Bombillo trasero,Honda,GX Motor,$59812.95,7/28/2021,367
Rines,Ducati,Bajaj,$263447.74,3/6/2022,
Maneta izquierda,Kymco,Bajaj,$268755.84,10/23/2021,
Pistón del motor,BMW,KIXX,$143698.17,3/12/2022,99
Embrague,Pulsar,Yahosuka,$117541.50,8/26/2021,970
Cadena,BMW,Yahosuka,$111770.95,8/25/2021,679
Depósito de gasolina,Apollo motors,KIXX,$111121.69,6/29/2021,649
,Aprilia,,$84037.63,4/29/2022,46
Cadena,YCF Riding,Everest,$223101.37,2/13/2022,759
Espejos retrovisores,Suzuki,GX Motor,$174949.88,1/29/2022,122
Bombillo trasero,Suzuki,Bajaj,$219973.25,5/25/2021,888
Bielas,Apollo motors,Chaoyang,$58387.50,4/18/2022,977
Maneta izquierda,Pulsar,Everest,$131953.76,11/3/2021,852
Cadena,Ducati,Everest,$157567.09,12/19/2021,473
Bombillo delantero,Akt,Chaoyang,$226354.78,9/13/2021,225
Rines,Kymco,Bajaj,$81217.35,8/5/2021,99
Pistón del motor,YCF Riding,GX Motor,$287226.06,8/16/2021,849
Bombillo trasero,BMW,KIXX,$177081.77,9/9/2021,653
Embrague,BMW,Yahosuka,$171700.42,6/21/2021,438
Maneta izquierda,Honda,Yahosuka,$257760.00,9/2/2021,927
Cadena,Suzuki,Bajaj,,10/28/2021,322
Amortiguador,Kymco,Bajaj,$68817.75,9/12/2021,619
Maneta izquierda,Apollo motors,Everest,$202225.67,10/3/2021,
Bombillo delantero,YCF Riding,Bajaj,$130589.55,7/21/2021,173
Carburador,Ducati,Chaoyang,$275107.19,7/30/2021,509
"",Cf Moto,GX Motor,,6/22/2021,64
"",BMW,Everest,,3/6/2022,767
Amortiguador,Honda,Bajaj,$80207.68,2/17/2022,410
Carburador,Ducati,GX Motor,$250802.98,7/11/2021,750
Cadena,Suzuki,Yahosuka,$91237.48,11/13/2021,445
Amortiguador,Yamaha,GX Motor,,1/30/2022,835
Espejos retrovisores,Aprilia,Everest,$138761.37,9/27/2021,742
Cilindros,Pulsar,Everest,$80068.81,7/23/2021,892
Maneta derecha,Honda,KIXX,$88286.94,2/17/2022,705
"",Kymco,GX Motor,,10/29/2021,654
"",,Bajaj,$41234.36,10/17/2021,64
Espejos retrovisores,Pulsar,KIXX,,3/12/2022,775
Bielas,Pulsar,KIXX,$158302.55,12/3/2021,553
Embrague,Pulsar,KIXX,$48155.74,9/21/2021,524
Amortiguador,Aprilia,GX Motor,$249121.27,4/10/2022,311
Claxon,Honda,Chaoyang,$57714.05,1/14/2022,847
Escape,Apollo motors,Chaoyang,$209757.30,2/2/2022,831
Depósito de gasolina,Akt,Bajaj,$246785.67,9/8/2021,
,Honda,,$9422.97,4/26/2022,294
Chasis,YCF Riding,Bajaj,$116708.89,10/25/2021,691
Cadena,Aprilia,Chaoyang,$137019.54,5/22/2021,946
Espejos retrovisores,Pulsar,Everest,$246559.29,3/31/2022,623
Bombillo delantero,Akt,GX Motor,$173359.71,1/14/2022,356
Cilindros,Cf Moto,Everest,$125482.84,5/12/2022,373
Escape,YCF Riding,Yahosuka,$150450.86,10/20/2021,211
Amortiguador,Akt,Yahosuka,$298442.95,12/20/2021,870
Escape,Aprilia,Everest,$268933.12,9/8/2021,102
Rines,Suzuki,GX Motor,$291526.24,8/30/2021,668
Escape,Apollo motors,Everest,$101787.80,8/23/2021,207
Amortiguador,Apollo motors,Bajaj,$237874.52,12/18/2021,335
Maneta izquierda,BMW,Chaoyang,$141753.19,2/17/2022,922
Acelerador,Aprilia,KIXX,$169134.99,6/29/2021,827
Pistón del motor,BMW,Everest,$163015.94,10/8/2021,938
Amortiguador,Yamaha,GX Motor,$209148.20,11/22/2021,
Depósito de gasolina,Kymco,Chaoyang,$138563.22,8/20/2021,787
Rines,YCF Riding,Yahosuka,$299205.87,7/24/2021,598
Amortiguador,Cf Moto,Bajaj,$113939.78,12/16/2021,227
Bielas,Cf Moto,Chaoyang,$262905.58,5/3/2022,650
Escape,Pulsar,Chaoyang,$227251.82,3/5/2022,837
Embrague,Akt,Bajaj,$282940.34,3/20/2022,69
Espejos retrovisores,BMW,Bajaj,,4/23/2022,998
Árbol de levas,Kymco,Bajaj,$38554.40,9/30/2021,560
Bombillo delantero,Kymco,Yahosuka,$192443.23,8/26/2021,579
,YCF Riding,,$276187.08,1/1/2022,918
Reposapie,Ducati,Everest,$264944.79,3/2/2022,146
Maneta derecha,Suzuki,Everest,$26269.55,12/11/2021,208
Rines,Apollo motors,Yahosuka,$56192.60,9/7/2021,520
Bielas,Yamaha,KIXX,$169244.13,11/27/2021,856
Amortiguador,YCF Riding,Everest,$176819.02,10/18/2021,136
Acelerador,BMW,Chaoyang,$26026.41,8/2/2021,413
Cadena,Akt,GX Motor,$63781.60,12/24/2021,671
Embrague,Kymco,KIXX,$101215.28,8/13/2021,223
Maneta izquierda,Akt,Bajaj,$201583.95,12/8/2021,
Maneta derecha,,Everest,$292486.56,2/3/2022,677
Cadena,YCF Riding,Chaoyang,$144567.05,2/10/2022,257
Cilindros,BMW,Bajaj,$144604.49,6/6/2021,
Bombillo trasero,Kymco,Yahosuka,$230721.73,3/4/2022,818
Cadena,Akt,Everest,$173294.36,6/11/2021,148
Árbol de levas,YCF Riding,Chaoyang,$224793.89,10/1/2021,92
Bielas,Suzuki,Everest,$95952.23,1/2/2022,795
Cadena,Pulsar,KIXX,$294015.01,11/3/2021,578
Carburador,Honda,Everest,$105611.23,7/3/2021,329
Bombillo trasero,Akt,Everest,$99518.30,5/31/2021,755
Cilindros,Suzuki,KIXX,$223846.23,9/14/2021,581
Cilindros,Kymco,GX Motor,$53776.02,3/26/2022,607
Rines,Ducati,KIXX,$81718.52,6/28/2021,
"",Cf Moto,Bajaj,$297787.81,1/18/2022,461
Pistón del motor,BMW,Chaoyang,$263906.37,9/29/2021,617
"",Pulsar,Yahosuka,$49931.32,11/28/2021,775
Embrague,YCF Riding,Chaoyang,$167008.46,6/23/2021,403
Carburador,Apollo motors,KIXX,$129484.37,8/1/2021,393
Bielas,Aprilia,Bajaj,$263502.96,2/7/2022,737
Reposapie,Suzuki,GX Motor,$212780.13,9/29/2021,76
Carburador,Cf Moto,Yahosuka,$72673.49,6/10/2021,771
,Suzuki,,$262692.56,12/26/2021,856
Bombillo trasero,Cf Moto,KIXX,$234874.38,11/4/2021,995
Bombillo trasero,Kymco,Everest,$155620.53,6/19/2021,130
Cilindros,Honda,GX Motor,$65238.46,6/3/2021,625
Escape,Aprilia,Chaoyang,$71488.55,1/25/2022,868
Cilindros,Kymco,KIXX,$191954.98,6/21/2021,826
"",YCF Riding,KIXX,$51161.10,7/23/2021,747
Maneta derecha,Akt,KIXX,$277872.61,5/30/2021,388
Escape,Apollo motors,GX Motor,$210247.04,12/16/2021,363
"",Kymco,Yahosuka,$239424.94,1/30/2022,735
Escape,Ducati,Bajaj,$64209.16,4/6/2022,443
Bielas,Yamaha,GX Motor,$109323.91,4/9/2022,361
Neumáticos,Akt,KIXX,$197029.05,11/5/2021,127
Bielas,Honda,Bajaj,$241326.54,1/26/2022,398
Reposapie,BMW,Yahosuka,$10023.05,4/28/2022,785
Bombillo trasero,Akt,Chaoyang,$227258.06,7/3/2021,697
Árbol de levas,Pulsar,Yahosuka,$222107.25,10/19/2021,515
Bielas,Yamaha,Chaoyang,$257984.70,4/19/2022,243
Maneta izquierda,Akt,Yahosuka,$256602.46,3/31/2022,262
,Pulsar,,$267253.82,7/15/2021,9
Cilindros,Kymco,Bajaj,$75510.89,4/10/2022,626
"",YCF Riding,GX Motor,$107993.12,8/12/2021,403
Maneta derecha,BMW,Chaoyang,$261542.95,9/25/2021,482
Carburador,Ducati,Bajaj,$275606.57,12/22/2021,534
Bielas,Suzuki,Everest,$139833.75,4/16/2022,380
Cilindros,YCF Riding,KIXX,$189951.83,1/2/2022,887
Escape,Apollo motors,GX Motor,$120728.58,5/14/2022,324
Acelerador,Ducati,GX Motor,$259784.06,11/27/2021,364
Bombillo trasero,Kymco,Chaoyang,$152578.88,4/20/2022,797
Chasis,BMW,GX Motor,$280201.57,11/15/2021,927
Depósito de gasolina,Honda,Bajaj,$242239.17,3/1/2022,148
Amortiguador,Kymco,Yahosuka,$41626.60,6/12/2021,772
Maneta derecha,Apollo motors,GX Motor,$270630.94,6/27/2021,775
Amortiguador,Aprilia,Chaoyang,$112473.25,3/14/2022,834
Bombillo trasero,Honda,GX Motor,$239435.44,7/14/2021,137
Acelerador,YCF Riding,Bajaj,$45794.26,12/19/2021,219
Cilindros,Pulsar,KIXX,$130554.77,8/9/2021,681
Amortiguador,Akt,Everest,$231910.97,7/16/2021,339
Reposapie,Pulsar,GX Motor,$82743.18,4/9/2022,236
Amortiguador,Yamaha,KIXX,$20138.37,9/9/2021,836
Claxon,Apollo motors,Yahosuka,$81414.68,2/19/2022,359
"",Yamaha,KIXX,$60438.70,5/21/2021,332
Neumáticos,YCF Riding,Everest,$139112.64,4/13/2022,486
Depósito de gasolina,YCF Riding,Chaoyang,$168476.87,2/12/2022,376
Maneta derecha,Ducati,KIXX,$72437.34,11/23/2021,702
Neumáticos,Pulsar,GX Motor,$17602.67,5/14/2022,457
Neumáticos,Cf Moto,Everest,$136109.50,4/18/2022,331
Acelerador,Kymco,Everest,$192432.26,1/5/2022,451
Maneta izquierda,Honda,Chaoyang,$95118.68,1/29/2022,689
Cilindros,,Yahosuka,$247906.37,6/5/2021,797
Maneta izquierda,Pulsar,Yahosuka,$170729.29,7/8/2021,291
Espejos retrovisores,Akt,Chaoyang,$166266.07,2/8/2022,795
Escape,YCF Riding,Chaoyang,$273303.19,11/11/2021,557
Neumáticos,Suzuki,Bajaj,$106961.13,7/26/2021,274
Neumáticos,Cf Moto,KIXX,$269238.27,5/5/2022,778
Maneta izquierda,Cf Moto,Chaoyang,$176195.18,4/14/2022,154
Neumáticos,Aprilia,KIXX,$167583.05,4/3/2022,79
"",Cf Moto,Everest,$46126.92,9/26/2021,176
Escape,Aprilia,GX Motor,$49677.53,12/20/2021,123
Neumáticos,YCF Riding,GX Motor,$101286.66,12/8/2021,293
Maneta derecha,Aprilia,Chaoyang,$242161.19,4/2/2022,279
Chasis,Akt,Everest,$245074.33,1/22/2022,38
Pistón del motor,YCF Riding,Yahosuka,$65139.31,3/19/2022,347
Cadena,BMW,GX Motor,$151154.94,5/19/2021,972
Cadena,Honda,Yahosuka,$38498.48,4/14/2022,
Cadena,Kymco,Everest,$280815.78,8/19/2021,500
Reposapie,Kymco,KIXX,$181447.29,2/25/2022,907
Depósito de gasolina,Akt,KIXX,$134306.16,5/20/2021,246
Maneta izquierda,Kymco,Chaoyang,$136586.15,12/17/2021,516
Embrague,Cf Moto,GX Motor,$254562.16,6/5/2021,619
Rines,YCF Riding,GX Motor,$108128.79,6/10/2021,94
Neumáticos,Honda,Bajaj,$217287.63,7/24/2021,867
Amortiguador,Suzuki,GX Motor,$109184.94,12/6/2021,858
Rines,BMW,KIXX,$87550.18,1/2/2022,716
Acelerador,Cf Moto,Chaoyang,$213076.22,6/26/2021,271
Amortiguador,Pulsar,Chaoyang,$89059.85,7/15/2021,244
Espejos retrovisores,Yamaha,Chaoyang,$150662.59,7/28/2021,360
Embrague,YCF Riding,Yahosuka,$64731.00,9/5/2021,647
Embrague,Akt,KIXX,$197782.30,3/4/2022,103
Pistón del motor,Cf Moto,Everest,$297432.01,6/27/2021,754
Maneta izquierda,Kymco,Yahosuka,$260387.53,1/20/2022,164
Embrague,Kymco,KIXX,$102678.45,8/5/2021,486
Maneta derecha,Akt,GX Motor,$116422.77,9/18/2021,167
Chasis,Akt,Bajaj,$72373.84,6/19/2021,437
Bombillo delantero,Akt,Bajaj,$147924.40,4/7/2022,209
Maneta derecha,Yamaha,Everest,$246076.98,5/8/2022,578
Amortiguador,Apollo motors,Yahosuka,$133255.12,5/21/2021,558
Claxon,YCF Riding,Bajaj,$63333.72,10/14/2021,966
Bombillo delantero,Akt,Yahosuka,$56554.45,2/2/2022,676
Bielas,Akt,Bajaj,$200123.60,12/12/2021,400
Maneta izquierda,Suzuki,Bajaj,$241769.86,7/24/2021,990
Bielas,,Everest,$196398.41,4/15/2022,508
Carburador,Suzuki,Everest,$177725.69,5/14/2022,
Maneta izquierda,Aprilia,Bajaj,$68341.59,3/9/2022,285
Bielas,Yamaha,Yahosuka,$222738.10,7/5/2021,521
Bielas,Kymco,Yahosuka,$41283.25,9/20/2021,391
Bombillo trasero,Ducati,GX Motor,$92669.28,11/8/2021,602
Neumáticos,YCF Riding,Yahosuka,,5/20/2021,413
Amortiguador,Pulsar,KIXX,$112151.73,4/5/2022,619
Pistón del motor,Pulsar,Everest,$17671.64,12/8/2021,496
Reposapie,Kymco,Chaoyang,$78848.85,11/22/2021,29
Espejos retrovisores,Yamaha,Everest,$37385.53,5/22/2021,569
Bombillo delantero,YCF Riding,Everest,$286899.08,11/19/2021,259
Depósito de gasolina,Kymco,KIXX,$172230.01,9/2/2021,647
Rines,,Bajaj,$47534.19,11/18/2021,
"",Apollo motors,Yahosuka,$107228.91,8/12/2021,483
Depósito de gasolina,Kymco,Yahosuka,$153895.27,6/3/2021,899
Reposapie,Kymco,Everest,$61337.47,2/25/2022,
Maneta derecha,BMW,Yahosuka,$97212.44,9/30/2021,769
Maneta derecha,Cf Moto,KIXX,$214264.81,1/21/2022,890
Carburador,Yamaha,KIXX,,10/5/2021,864
Chasis,Akt,Everest,,7/3/2021,406
Bombillo trasero,Pulsar,Yahosuka,$208030.68,1/17/2022,887
Pistón del motor,BMW,Everest,$87961.67,9/2/2021,971
Espejos retrovisores,Honda,Yahosuka,$102353.09,11/19/2021,524
"",Suzuki,Yahosuka,$141049.87,1/10/2022,15
Carburador,Yamaha,Bajaj,,8/11/2021,592
Carburador,Apollo motors,Yahosuka,$184814.72,3/18/2022,277
Carburador,Kymco,KIXX,$251526.32,12/19/2021,995
Maneta izquierda,Ducati,Bajaj,$292207.77,5/31/2021,948
Rines,Apollo motors,Yahosuka,$50162.48,8/13/2021,284
Depósito de gasolina,Kymco,GX Motor,$34813.45,9/4/2021,55
Embrague,Kymco,GX Motor,,11/15/2021,224
Amortiguador,,Everest,$97445.15,1/6/2022,496
Embrague,Yamaha,Everest,$28450.18,2/3/2022,102
Árbol de levas,Cf Moto,Bajaj,$27606.71,2/9/2022,415
Acelerador,Pulsar,Yahosuka,$61376.01,1/7/2022,384
Pistón del motor,Cf Moto,Everest,$235215.06,8/1/2021,599
Carburador,Pulsar,KIXX,$271872.72,7/9/2021,579
Maneta derecha,Apollo motors,Everest,$134488.26,12/16/2021,982
Amortiguador,YCF Riding,Bajaj,$175713.37,10/30/2021,706
,Aprilia,,$55103.32,12/3/2021,549
Rines,Honda,GX Motor,$122882.79,3/23/2022,117
Cilindros,Akt,KIXX,,12/21/2021,
Bombillo delantero,Pulsar,KIXX,$205589.87,12/17/2021,64
Pistón del motor,Aprilia,Yahosuka,$146630.82,1/27/2022,
Maneta izquierda,Yamaha,Chaoyang,$91992.24,5/10/2022,981
"",Ducati,Everest,$69212.43,11/26/2021,73
Bielas,Apollo motors,Bajaj,$231260.27,6/22/2021,845
Amortiguador,YCF Riding,Chaoyang,$299264.46,9/27/2021,18
Acelerador,Ducati,Everest,$43584.51,8/10/2021,40
Carburador,Yamaha,Bajaj,$182356.74,10/15/2021,261
Acelerador,Ducati,KIXX,$233378.92,10/11/2021,321
Neumáticos,Suzuki,Everest,$99076.84,7/7/2021,835
Claxon,Cf Moto,GX Motor,$104204.92,10/11/2021,54
Escape,Ducati,Bajaj,,7/4/2021,54
Bielas,Akt,KIXX,$90233.81,1/20/2022,326
Amortiguador,Kymco,GX Motor,$246511.96,11/25/2021,779
Embrague,Suzuki,KIXX,$77405.56,5/10/2022,225
Bielas,Cf Moto,Bajaj,$142822.30,2/11/2022,115
Pistón del motor,Aprilia,GX Motor,$11850.97,12/27/2021,861
Acelerador,Cf Moto,Chaoyang,$286446.82,5/7/2022,820
Maneta derecha,Yamaha,Yahosuka,$274132.75,8/23/2021,877
Carburador,YCF Riding,KIXX,$262093.29,2/13/2022,
Bombillo trasero,Honda,Bajaj,$228517.38,1/28/2022,983
Bielas,Suzuki,Everest,$17686.29,5/9/2022,568
Chasis,Akt,Yahosuka,$11478.94,10/17/2021,544
Carburador,Honda,Bajaj,$24550.02,6/11/2021,784
Chasis,Akt,Bajaj,$173914.04,5/8/2022,72
Pistón del motor,Ducati,Yahosuka,$172914.39,4/6/2022,538
Carburador,BMW,Everest,$115850.67,11/1/2021,674
Espejos retrovisores,Aprilia,Everest,$243050.77,4/23/2022,998
Reposapie,BMW,Chaoyang,$71322.23,12/10/2021,410
Claxon,Kymco,Everest,$233511.10,8/2/2021,504
Pistón del motor,Kymco,GX Motor,$24579.31,5/2/2022,671
Embrague,YCF Riding,Yahosuka,$105733.23,6/19/2021,690
Bielas,Aprilia,KIXX,$264007.12,1/17/2022,387
Acelerador,Ducati,Everest,$102321.09,2/23/2022,918
Cilindros,YCF Riding,Chaoyang,$31973.90,7/21/2021,523
Acelerador,Kymco,Chaoyang,$220134.60,3/12/2022,752
Acelerador,Apollo motors,Everest,$54799.45,12/28/2021,211
,Honda,,$231550.86,7/6/2021,979
,Cf Moto,,$296841.61,4/29/2022,245
Maneta derecha,Ducati,Chaoyang,$201107.09,3/20/2022,168
Escape,Pulsar,Yahosuka,$296306.16,12/6/2021,
Claxon,Cf Moto,GX Motor,$93087.83,7/19/2021,644
Rines,Ducati,KIXX,$252432.12,4/16/2022,
Cilindros,Suzuki,KIXX,$57950.01,4/21/2022,479
Escape,Aprilia,Everest,$78135.42,11/18/2021,826
Bielas,Aprilia,Yahosuka,$145359.53,10/18/2021,754
Embrague,Aprilia,Bajaj,$10833.23,3/29/2022,961
Chasis,Aprilia,GX Motor,$56483.12,12/17/2021,642
Amortiguador,Kymco,KIXX,$113894.28,5/29/2021,724
Bombillo trasero,Yamaha,Everest,$264032.57,12/19/2021,128
Pistón del motor,Suzuki,Chaoyang,$145634.77,12/25/2021,86
Neumáticos,Ducati,Chaoyang,$28124.33,3/20/2022,105
Acelerador,Apollo motors,KIXX,$178301.06,3/17/2022,820
Acelerador,Honda,GX Motor,$186243.91,7/12/2021,59
Escape,Suzuki,Yahosuka,$177065.68,5/4/2022,359
Maneta derecha,Pulsar,Everest,$118626.06,1/13/2022,317
Bombillo trasero,BMW,Yahosuka,$177182.83,3/8/2022,958
Reposapie,Aprilia,Bajaj,$105359.30,8/23/2021,382
Bielas,Suzuki,Chaoyang,$7118.53,9/3/2021,13
Cilindros,Suzuki,Bajaj,$109046.62,6/28/2021,290
Chasis,Honda,Chaoyang,$235779.92,12/3/2021,
Embrague,Akt,Yahosuka,$225237.37,3/13/2022,920
Árbol de levas,Pulsar,Chaoyang,$216602.51,1/3/2022,418
Escape,Pulsar,KIXX,$125831.30,8/4/2021,414
Pistón del motor,YCF Riding,Bajaj,$70065.48,3/2/2022,882
,Apollo motors,,$101319.78,1/15/2022,47
Bombillo trasero,Yamaha,Everest,$282952.66,11/16/2021,89
Cilindros,Cf Moto,Bajaj,$236742.91,3/11/2022,422
Bielas,Apollo motors,Yahosuka,$279490.62,3/3/2022,59
Árbol de levas,Ducati,Everest,$113289.11,12/19/2021,607
Espejos retrovisores,Kymco,Yahosuka,$219462.52,3/9/2022,27
Pistón del motor,Apollo motors,Everest,$263606.74,4/21/2022,453
Pistón del motor,Cf Moto,Yahosuka,$195438.57,3/30/2022,78
Cilindros,Cf Moto,GX Motor,$91633.81,1/9/2022,903
Neumáticos,YCF Riding,GX Motor,$170811.82,3/28/2022,941
"",Suzuki,KIXX,$90593.85,6/28/2021,162
Bombillo trasero,Pulsar,Yahosuka,$181636.00,9/3/2021,178
Espejos retrovisores,YCF Riding,Yahosuka,$237557.70,3/11/2022,136
Cadena,YCF Riding,KIXX,$143691.24,11/29/2021,91
Carburador,Suzuki,Everest,$15876.67,10/25/2021,839
Chasis,Aprilia,Chaoyang,$206418.74,7/15/2021,532
Cilindros,Ducati,KIXX,$56790.50,4/11/2022,936
,Honda,,$190465.73,10/29/2021,526
Bombillo trasero,Ducati,GX Motor,$95703.00,10/17/2021,416
Cadena,Apollo motors,Bajaj,$255716.06,4/2/2022,
Neumáticos,Akt,KIXX,$8171.60,2/5/2022,952
Cadena,Aprilia,KIXX,$277438.43,7/29/2021,344
Amortiguador,YCF Riding,GX Motor,$152986.48,3/29/2022,58
Espejos retrovisores,Pulsar,Chaoyang,$170089.48,1/10/2022,
Carburador,Aprilia,Everest,$81081.55,9/16/2021,959
Maneta derecha,BMW,GX Motor,$112070.63,8/15/2021,525
Claxon,,Bajaj,$183341.52,4/12/2022,164
Amortiguador,Cf Moto,Yahosuka,$280240.38,6/7/2021,876
Maneta derecha,BMW,KIXX,$226346.61,6/11/2021,81
Cilindros,Kymco,Everest,$36930.88,10/15/2021,844
Bombillo trasero,YCF Riding,KIXX,$185352.05,2/15/2022,731
Bielas,Suzuki,Yahosuka,$188429.16,1/5/2022,642
Bombillo delantero,YCF Riding,Everest,$111904.70,5/15/2022,592
Maneta derecha,Pulsar,Chaoyang,$15007.98,9/6/2021,473
Depósito de gasolina,Apollo motors,KIXX,$35013.98,3/17/2022,353
Chasis,Cf Moto,Bajaj,$126622.72,1/28/2022,374
Neumáticos,BMW,GX Motor,$214291.84,11/10/2021,329
Maneta izquierda,Suzuki,Bajaj,$175850.47,5/28/2021,929
Neumáticos,Honda,Bajaj,$258147.69,10/15/2021,333
Árbol de levas,BMW,GX Motor,$68773.35,7/29/2021,812
"",YCF Riding,Bajaj,$204697.08,7/9/2021,457
Acelerador,Pulsar,Chaoyang,$168598.62,12/2/2021,
Claxon,Kymco,Chaoyang,$232778.91,3/14/2022,693
Rines,Ducati,KIXX,$106142.83,9/30/2021,201
Acelerador,Yamaha,GX Motor,$210474.80,4/19/2022,285
Cilindros,Yamaha,GX Motor,$257751.74,11/7/2021,493
Chasis,Akt,Chaoyang,$205375.32,12/22/2021,872
Acelerador,BMW,Yahosuka,$288417.83,9/5/2021,932
Árbol de levas,Akt,KIXX,$119225.34,8/10/2021,971
"",BMW,KIXX,$77011.28,3/24/2022,860
Maneta derecha,BMW,Yahosuka,$89326.27,2/1/2022,488
Chasis,Cf Moto,Bajaj,$107411.57,8/31/2021,605
Pistón del motor,Apollo motors,Bajaj,$272031.25,5/13/2022,418
Maneta izquierda,Pulsar,Yahosuka,$213755.82,8/13/2021,439
Reposapie,Akt,Everest,,12/7/2021,24
Bombillo trasero,YCF Riding,KIXX,$299033.74,1/25/2022,810
Acelerador,Aprilia,Chaoyang,$15568.44,9/4/2021,446
Árbol de levas,,Yahosuka,$31393.49,12/9/2021,205
Maneta derecha,Yamaha,Chaoyang,$109564.11,12/4/2021,139
"",Apollo motors,Everest,$222522.23,6/27/2021,373
Escape,Apollo motors,Bajaj,$35499.17,9/6/2021,31
,Kymco,,$266026.63,4/28/2022,607
Escape,Yamaha,Bajaj,$287219.47,2/11/2022,640
Maneta izquierda,BMW,Bajaj,$104482.60,6/4/2021,14
Escape,BMW,Yahosuka,$38436.52,5/7/2022,
"",Cf Moto,Everest,$141395.24,4/29/2022,904
Escape,Aprilia,KIXX,$32497.01,11/17/2021,507
Pistón del motor,Akt,Chaoyang,$250602.34,11/1/2021,143
Rines,Ducati,Chaoyang,$164858.88,6/5/2021,552
Claxon,Kymco,KIXX,$230775.93,5/26/2021,161
Bielas,Apollo motors,Chaoyang,$228768.48,4/23/2022,326
Depósito de gasolina,Apollo motors,Everest,$191693.82,11/1/2021,889
Neumáticos,Aprilia,KIXX,$260797.58,2/3/2022,968
Cilindros,Honda,KIXX,$286689.58,1/2/2022,938
Bombillo trasero,Suzuki,Bajaj,$259349.12,3/29/2022,515
Carburador,Apollo motors,Yahosuka,$229978.50,8/10/2021,655
Carburador,Suzuki,Chaoyang,$295616.17,1/27/2022,659
Carburador,Suzuki,Chaoyang,$202639.15,5/20/2021,230
Bielas,Akt,Everest,$82024.57,6/14/2021,181
Depósito de gasolina,Honda,Chaoyang,$227812.38,3/10/2022,101
Pistón del motor,Honda,Yahosuka,$292626.80,10/27/2021,949
Rines,Yamaha,Bajaj,$282064.58,4/20/2022,
Espejos retrovisores,BMW,Yahosuka,$296569.96,6/28/2021,91
Pistón del motor,Kymco,KIXX,$218757.97,8/15/2021,938
Cilindros,YCF Riding,Everest,$291303.00,8/5/2021,29
Carburador,Suzuki,KIXX,$110540.99,11/24/2021,291
Maneta derecha,Pulsar,KIXX,$217633.95,5/20/2021,448
Claxon,BMW,KIXX,$173173.33,8/25/2021,368
Cilindros,BMW,Bajaj,$64488.07,3/22/2022,768
Embrague,Cf Moto,Chaoyang,$89438.21,2/28/2022,433
Árbol de levas,Aprilia,Yahosuka,$64306.76,12/28/2021,745
Cilindros,Apollo motors,GX Motor,$35111.12,10/18/2021,938
Acelerador,Akt,KIXX,$39099.50,2/3/2022,312
Maneta derecha,Kymco,Bajaj,$166500.71,2/25/2022,253
,Kymco,,$40692.46,7/3/2021,768
Espejos retrovisores,Kymco,Yahosuka,$165062.16,11/1/2021,551
Amortiguador,BMW,KIXX,$290235.22,2/10/2022,111
Maneta izquierda,Honda,Yahosuka,$150582.33,8/11/2021,534
Bielas,Aprilia,Everest,$247701.05,9/5/2021,982
Reposapie,Akt,Yahosuka,$234891.55,8/3/2021,622
Reposapie,YCF Riding,Yahosuka,$234830.75,2/24/2022,498
,Suzuki,,$195178.28,6/8/2021,946
Cadena,Kymco,Chaoyang,$245653.02,11/8/2021,297
Carburador,Pulsar,Chaoyang,$74563.61,8/23/2021,412
Depósito de gasolina,Pulsar,Everest,$215866.22,1/20/2022,596
Chasis,Akt,KIXX,$109896.31,8/6/2021,606
Depósito de gasolina,Suzuki,Chaoyang,$71023.82,9/7/2021,757
Neumáticos,BMW,KIXX,$22643.33,12/16/2021,520
Carburador,Pulsar,Yahosuka,$24446.01,3/18/2022,202
Escape,Akt,Yahosuka,$226225.09,12/27/2021,338
Embrague,BMW,GX Motor,$135329.71,4/17/2022,266
Espejos retrovisores,Ducati,KIXX,$6997.30,11/16/2021,723
Chasis,Ducati,Chaoyang,$175574.09,1/24/2022,909
Espejos retrovisores,Honda,KIXX,$57717.63,7/21/2021,450
Carburador,Yamaha,Chaoyang,$104774.18,3/26/2022,336
Bombillo delantero,Yamaha,Everest,$153928.10,3/14/2022,882
Maneta izquierda,Akt,GX Motor,$205765.76,6/18/2021,36
Neumáticos,Apollo motors,KIXX,$245119.44,8/16/2021,
Cilindros,Cf Moto,Everest,$212114.64,2/21/2022,16
Bombillo delantero,BMW,Chaoyang,$274045.98,10/12/2021,673
Árbol de levas,BMW,GX Motor,,7/9/2021,866
Bombillo trasero,Suzuki,Yahosuka,$145005.94,12/3/2021,52
Acelerador,BMW,Chaoyang,$103739.85,2/24/2022,492
Espejos retrovisores,Cf Moto,GX Motor,$31362.13,2/26/2022,595
Bielas,Apollo motors,Everest,$169265.49,10/10/2021,349
Maneta izquierda,Akt,GX Motor,$126827.14,3/19/2022,788
Claxon,Akt,Chaoyang,$51446.20,10/14/2021,811
Bielas,Kymco,Chaoyang,,8/25/2021,950
Bombillo trasero,Yamaha,Yahosuka,$128750.83,5/23/2021,93
Embrague,Akt,KIXX,$246830.38,1/16/2022,532
Bielas,Suzuki,Bajaj,$101371.49,2/14/2022,52
Bombillo trasero,Yamaha,GX Motor,$203794.65,2/23/2022,109
Maneta izquierda,Cf Moto,Bajaj,$38994.33,7/26/2021,610
Espejos retrovisores,Apollo motors,Chaoyang,$35639.79,9/17/2021,738
Escape,Cf Moto,GX Motor,$92491.04,11/26/2021,
Cadena,Aprilia,Chaoyang,$191389.25,3/21/2022,578
Rines,Apollo motors,Bajaj,$183453.68,7/21/2021,136
Cilindros,BMW,Yahosuka,$206661.76,10/13/2021,785
Chasis,Kymco,Everest,$264138.88,5/24/2021,661
Bielas,BMW,Bajaj,$141023.55,1/8/2022,514
Escape,Akt,Bajaj,$135042.56,1/10/2022,461
Acelerador,Yamaha,KIXX,$115592.24,1/23/2022,165
Cadena,Honda,Everest,$120413.17,4/11/2022,191
"",Suzuki,GX Motor,$168991.98,8/26/2021,498
,Akt,,$271871.89,8/17/2021,488
"",Akt,Chaoyang,$261350.10,11/4/2021,867
Maneta izquierda,Ducati,KIXX,$127726.11,6/3/2021,854
Bombillo trasero,Pulsar,GX Motor,$17367.65,2/11/2022,612
Embrague,Honda,Bajaj,$61948.87,5/1/2022,341
Depósito de gasolina,Aprilia,Chaoyang,$50259.39,9/6/2021,382
"",Kymco,GX Motor,$154543.14,2/15/2022,947
Cilindros,Akt,Bajaj,$239498.90,6/2/2021,245
Espejos retrovisores,Suzuki,Yahosuka,$22400.55,6/28/2021,258
Reposapie,Yamaha,Yahosuka,$253832.79,10/27/2021,286
Carburador,Cf Moto,Chaoyang,$214689.00,2/17/2022,287
,Suzuki,,$222124.61,3/30/2022,529
Chasis,Akt,KIXX,$165111.69,9/13/2021,923
Claxon,Aprilia,Chaoyang,$202319.94,9/5/2021,235
Bombillo delantero,BMW,Bajaj,$68704.16,5/9/2022,747
Bielas,Pulsar,KIXX,$70832.52,7/31/2021,996
Bombillo delantero,Aprilia,Chaoyang,$262242.37,1/2/2022,
Bombillo trasero,Pulsar,Chaoyang,$95570.86,9/8/2021,438
Carburador,Apollo motors,KIXX,$216122.05,6/25/2021,57
Acelerador,Yamaha,KIXX,$165287.00,2/8/2022,257
Acelerador,Yamaha,Bajaj,$196949.02,7/11/2021,392
Neumáticos,Aprilia,KIXX,$290800.95,4/6/2022,159
Bombillo trasero,Honda,Yahosuka,,8/1/2021,372
Embrague,Yamaha,Chaoyang,$153084.83,10/29/2021,306
Pistón del motor,Apollo motors,KIXX,$105785.40,10/30/2021,183
Árbol de levas,Kymco,Bajaj,$118216.03,12/27/2021,651
"",YCF Riding,KIXX,$128248.43,6/9/2021,582
Espejos retrovisores,Suzuki,KIXX,$244980.77,2/8/2022,839
Maneta derecha,Pulsar,Chaoyang,$47556.52,10/21/2021,930
Pistón del motor,BMW,Chaoyang,$177211.45,2/7/2022,691
Chasis,Honda,GX Motor,$142293.33,11/30/2021,789
Claxon,Cf Moto,Bajaj,$10894.80,12/23/2021,668
Amortiguador,Cf Moto,Chaoyang,$117310.06,1/1/2022,857
Escape,Aprilia,Everest,$5845.29,9/7/2021,226
,Suzuki,,$269365.44,5/21/2021,618
Embrague,Akt,Chaoyang,$71252.27,6/6/2021,935
Maneta derecha,Apollo motors,Chaoyang,$223261.57,9/25/2021,375
Cilindros,BMW,KIXX,$189692.76,9/30/2021,280
Amortiguador,Kymco,GX Motor,$110148.83,5/10/2022,291
"",Yamaha,Everest,$291823.96,3/3/2022,581
Carburador,Honda,GX Motor,$158763.45,6/13/2021,77
"",Pulsar,Bajaj,$57899.15,6/12/2021,418
Pistón del motor,Yamaha,Everest,$219380.48,7/5/2021,646
Maneta izquierda,Apollo motors,Yahosuka,$141560.38,12/23/2021,586
Árbol de levas,YCF Riding,Everest,$169933.08,9/22/2021,860
Chasis,Kymco,Everest,$290723.76,8/4/2021,3
Neumáticos,Aprilia,Chaoyang,$236851.29,3/13/2022,2
Árbol de levas,Honda,Everest,$213771.56,9/10/2021,30
Depósito de gasolina,Suzuki,GX Motor,$297843.73,1/19/2022,455
Bombillo delantero,YCF Riding,Bajaj,$96171.38,1/1/2022,541
Árbol de levas,Apollo motors,KIXX,$102087.81,5/31/2021,611
Espejos retrovisores,Apollo motors,Bajaj,$100851.79,2/20/2022,807
Cilindros,Apollo motors,Chaoyang,$266588.42,2/2/2022,64
Bielas,YCF Riding,Everest,$171604.62,7/22/2021,866
Carburador,Pulsar,KIXX,,4/24/2022,862
Bielas,Kymco,KIXX,$69205.71,8/14/2021,920
"",Kymco,Yahosuka,,3/15/2022,
Chasis,Ducati,Bajaj,$89260.18,5/13/2022,336
Maneta izquierda,Ducati,GX Motor,$186403.45,5/3/2022,67
Espejos retrovisores,Honda,Chaoyang,$46003.08,12/31/2021,628
Reposapie,Ducati,Yahosuka,$37190.30,7/4/2021,303
"",Apollo motors,Yahosuka,,5/19/2021,194
Bombillo trasero,Yamaha,Bajaj,$221550.90,6/5/2021,611
Rines,Honda,GX Motor,$239529.06,2/16/2022,561
Bombillo trasero,Ducati,Everest,$227703.09,7/31/2021,816
Pistón del motor,Cf Moto,KIXX,$30716.02,10/22/2021,442
"",,GX Motor,$258778.85,4/6/2022,691
Árbol de levas,Aprilia,KIXX,$112287.83,11/16/2021,75
Maneta izquierda,Yamaha,Chaoyang,$217584.76,7/8/2021,
Bielas,Akt,Bajaj,$6739.44,2/19/2022,868
"",Ducati,Everest,$124206.51,7/30/2021,568
Chasis,Pulsar,Yahosuka,$263345.98,10/13/2021,848
,BMW,,$145486.04,6/2/2021,388
Bombillo trasero,Ducati,Everest,$170702.75,12/7/2021,451
"",Aprilia,Chaoyang,$265251.73,10/14/2021,545
Árbol de levas,Honda,GX Motor,$289986.95,8/22/2021,480
"",BMW,GX Motor,$49627.50,7/11/2021,
Bombillo delantero,Ducati,Bajaj,$59189.67,4/26/2022,99
Maneta derecha,Akt,Bajaj,$88506.24,4/24/2022,937
Maneta derecha,Pulsar,Bajaj,$144278.25,4/4/2022,662
Reposapie,BMW,GX Motor,$94841.65,12/6/2021,463
Bombillo trasero,Pulsar,GX Motor,$82420.01,2/13/2022,448
Embrague,Apollo motors,GX Motor,$64259.27,11/7/2021,311
Bombillo delantero,YCF Riding,Everest,$42142.47,8/10/2021,724
Neumáticos,Apollo motors,KIXX,$199066.92,4/30/2022,600
Espejos retrovisores,Akt,Bajaj,$253570.85,1/22/2022,218
Espejos retrovisores,Apollo motors,KIXX,$297961.15,12/31/2021,505
Rines,Cf Moto,KIXX,$229033.71,2/10/2022,840
Maneta izquierda,Akt,KIXX,$27980.14,8/31/2021,617
Bombillo delantero,Cf Moto,GX Motor,$65189.61,2/13/2022,175
Maneta derecha,Honda,Everest,$127074.07,12/17/2021,574
"",Aprilia,Everest,,1/31/2022,232
Carburador,Pulsar,Chaoyang,,9/21/2021,131
Embrague,Ducati,Yahosuka,$282414.99,6/7/2021,375
Rines,,GX Motor,$199927.49,1/18/2022,927
Bombillo delantero,YCF Riding,Yahosuka,$150275.19,6/15/2021,952
Escape,BMW,Chaoyang,$8774.61,1/8/2022,899
Bombillo delantero,Cf Moto,Bajaj,$40134.54,2/11/2022,146
Espejos retrovisores,BMW,KIXX,$221544.39,9/13/2021,590
Acelerador,Yamaha,Everest,$99886.58,6/21/2021,600
Rines,Apollo motors,Chaoyang,$69378.41,12/28/2021,69
Reposapie,Yamaha,Everest,$35251.86,9/30/2021,441
,Suzuki,,$218684.48,12/14/2021,886
Cadena,Ducati,Yahosuka,$204431.41,7/27/2021,879
Pistón del motor,Apollo motors,KIXX,$113015.73,12/16/2021,996
Neumáticos,Akt,Chaoyang,$297321.11,2/2/2022,134
Acelerador,Akt,GX Motor,$293612.28,10/25/2021,783
Neumáticos,BMW,KIXX,$256115.11,11/16/2021,718
Acelerador,YCF Riding,Yahosuka,$220507.83,6/19/2021,444
Maneta derecha,Akt,Yahosuka,$155682.76,6/19/2021,848
"",Cf Moto,Bajaj,$206007.69,2/9/2022,623
"",Suzuki,Yahosuka,$65494.13,6/5/2021,398
Bombillo trasero,Suzuki,Everest,$139303.34,10/17/2021,41
Espejos retrovisores,YCF Riding,KIXX,$223841.10,3/18/2022,296
Acelerador,BMW,Yahosuka,$258956.40,5/31/2021,419
Bombillo trasero,Ducati,KIXX,$217448.68,11/14/2021,767
Escape,Apollo motors,KIXX,$157248.11,1/7/2022,413
Carburador,Honda,Yahosuka,$144042.30,7/26/2021,59
Depósito de gasolina,Cf Moto,Chaoyang,$233246.64,12/31/2021,605
Neumáticos,Pulsar,GX Motor,$33337.05,11/20/2021,867
Claxon,YCF Riding,Bajaj,$7130.08,2/13/2022,
Acelerador,BMW,KIXX,$69905.40,10/29/2021,507
Acelerador,Aprilia,GX Motor,,9/14/2021,349
Reposapie,Pulsar,Chaoyang,$20141.54,1/15/2022,988
Chasis,Aprilia,GX Motor,$276103.11,10/24/2021,754
Rines,Aprilia,Bajaj,,12/7/2021,366
Rines,Aprilia,GX Motor,$185904.68,2/21/2022,346
Acelerador,BMW,Chaoyang,$245735.52,11/12/2021,
Escape,Akt,Bajaj,$123322.68,11/23/2021,258
Bombillo trasero,Ducati,KIXX,$6686.27,10/2/2021,175
Chasis,Suzuki,Yahosuka,$109463.70,10/29/2021,838
Chasis,Pulsar,GX Motor,$244501.49,11/20/2021,121
Cilindros,Honda,KIXX,,3/14/2022,722
Embrague,Cf Moto,KIXX,$117315.08,12/8/2021,803
Bombillo trasero,YCF Riding,KIXX,$227302.23,11/16/2021,850
Neumáticos,Ducati,Yahosuka,$256682.14,4/1/2022,612
Acelerador,BMW,KIXX,,7/22/2021,994
Embrague,Cf Moto,Chaoyang,$203743.22,10/14/2021,463
Espejos retrovisores,BMW,Bajaj,$182583.91,5/2/2022,384
Escape,Kymco,Everest,$248356.30,12/18/2021,878
Depósito de gasolina,Apollo motors,Chaoyang,$273015.28,8/25/2021,980
Bielas,Ducati,Bajaj,$25824.74,1/8/2022,678
Acelerador,Akt,GX Motor,$291068.43,10/22/2021,867
Carburador,Yamaha,Bajaj,$142653.01,10/1/2021,
,Kymco,,$41236.58,6/6/2021,646
Depósito de gasolina,Honda,Everest,$199203.65,4/27/2022,344
Árbol de levas,Aprilia,GX Motor,$133077.92,9/23/2021,958
Carburador,BMW,Chaoyang,$210817.15,10/30/2021,216
Embrague,Pulsar,Yahosuka,$25431.75,10/18/2021,587
Acelerador,Apollo motors,GX Motor,$82736.42,12/16/2021,718
Claxon,Suzuki,Bajaj,$65079.63,5/22/2021,
Cilindros,Apollo motors,Chaoyang,$215151.57,12/30/2021,749
